Metric,Value
RMSE_Training,1.0455477841074403
MAE_Training,0.730141692075498
R_squared_Training,0.7215234680059974
RMSE_2025,0.5890536426838424
MAE_2025,0.47574726477695456
R_squared_2025,0.592198040643308
N_Training,114
N_2025,104
