Metric,AR1_Model,Linear_Model,ARX_Model
RMSE_Training,1.0625521132882927,1.0455477841074403,0.8465114019608968
MAE_Training,0.7520773759043111,0.730141692075498,0.5644948002613331
R_squared_Training,0.7536756316515075,0.7215234680059974,0.8174564659399411
RMSE_2025,0.6752825853830517,0.5890536426838424,0.4542141778425064
MAE_2025,0.547925047871447,0.47574726477695456,0.34075226708501055
R_squared_2025,0.47328513314279563,0.592198040643308,0.7575283384867237
